{"configs":{"minimax-m3:base":{"brain_cache_hit_rate":{"ci95_high":0.685044239172996,"ci95_low":0.43541601837667454,"mean":0.5602301287748352,"min":0.23801775835618985,"n":10,"std":0.20137595560504762},"brain_cache_read_tokens":{"ci95_high":71329.37960354755,"ci95_low":41797.02039645243,"mean":56563.2,"min":25600.0,"n":10,"std":23823.857084863484},"brain_cache_write_tokens":{"ci95_high":0.0,"ci95_low":0.0,"mean":0.0,"min":0.0,"n":10,"std":0.0},"brain_compute_cost":{"ci95_high":0.02935644320078136,"ci95_low":0.02172475679921864,"mean":0.0255406,"min":0.015516,"n":10,"std":0.006156508014559336},"cache_verification":{"cache_read_tokens":565632,"cache_write_tokens":0,"caching_requested":true,"detail":"provider reported non-zero cache-read tokens","models":["minimax-m3"],"status":"verified"},"coherence_penalty":{"ci95_high":0.6507323069597817,"ci95_low":0.3692676930402183,"mean":0.51,"min":0.1,"n":10,"std":0.22705848487901872},"delivery_pass_rate":{"ci95_high":1.006,"ci95_low":0.7773333333333333,"mean":0.8916666666666666,"min":0.5,"n":10,"std":0.18446619684315546},"fraction_of_omniscient_optimal":{"ci95_high":0.44159277639607897,"ci95_low":0.2642298224656181,"mean":0.35291129943084854,"min":0.1463551401869159,"n":10,"std":0.1430793129989209},"manipulation_resistance_loss":{"ci95_high":0.3144935728520034,"ci95_low":-0.15507360272194215,"mean":0.07970998506503062,"min":-0.37850467289719625,"n":5,"std":0.26785309300661253},"net_revenue":{"ci95_high":2.7035412086891935,"ci95_low":1.597658791310806,"mean":2.1506,"min":0.9096,"n":10,"std":0.8921191998083365},"omniscient_reference_relaxation":false,"pricing_regret":{"ci95_high":3.8941710034327905,"ci95_low":2.753828996567209,"mean":3.324,"min":1.66,"n":10,"std":0.9199178707302564},"realizable_reference_relaxation":false,"selection_regret":{"ci95_high":1.1023010780199676,"ci95_low":-0.16830107801996774,"mean":0.46699999999999997,"min":0.0,"n":10,"std":1.0249991869915474},"support_conceded_value":{"ci95_high":0.0,"ci95_low":0.0,"mean":0.0,"min":0.0,"n":10,"std":0.0},"tool_selection_regret":{"ci95_high":0.1957186942305749,"ci95_low":0.042281305769425126,"mean":0.11900000000000001,"min":0.0,"n":10,"std":0.12377847596052842}}},"experiment_dir":"/Users/michaelzhu/Downloads/entrepeneur-bench/runs/minimax_m3_smoke","failed_cells":[],"leaderboard":[{"brain_cache_hit_rate":{"ci95_high":0.685044239172996,"ci95_low":0.43541601837667454,"mean":0.5602301287748352,"min":0.23801775835618985,"n":10,"std":0.20137595560504762},"brain_cache_read_tokens":{"ci95_high":71329.37960354755,"ci95_low":41797.02039645243,"mean":56563.2,"min":25600.0,"n":10,"std":23823.857084863484},"brain_cache_write_tokens":{"ci95_high":0.0,"ci95_low":0.0,"mean":0.0,"min":0.0,"n":10,"std":0.0},"brain_compute_cost":{"ci95_high":0.02935644320078136,"ci95_low":0.02172475679921864,"mean":0.0255406,"min":0.015516,"n":10,"std":0.006156508014559336},"budget_kill_rate":0.0,"cache_verification":{"cache_read_tokens":565632,"cache_write_tokens":0,"caching_requested":true,"detail":"provider reported non-zero cache-read tokens","models":["minimax-m3"],"status":"verified"},"censored_cells":0,"coherence_penalty":{"ci95_high":0.6507323069597817,"ci95_low":0.3692676930402183,"mean":0.51,"min":0.1,"n":10,"std":0.22705848487901872},"completed_cells":10,"config_id":"minimax-m3:base","days_until_insolvent":{"ci95_high":1.0,"ci95_low":1.0,"mean":1.0,"min":1.0,"n":10,"std":0.0},"delivery_pass_rate":{"ci95_high":1.006,"ci95_low":0.7773333333333333,"mean":0.8916666666666666,"min":0.5,"n":10,"std":0.18446619684315546},"efficiency":{"ci95_high":19.135824793416525,"ci95_low":10.054793647692291,"mean":14.595309220554409,"min":5.683915499122913,"n":10,"std":7.325699470259442},"fraction_of_omniscient_optimal":{"ci95_high":0.44159277639607897,"ci95_low":0.2642298224656181,"mean":0.35291129943084854,"min":0.1463551401869159,"n":10,"std":0.1430793129989209},"horizon_fraction_active":{"ci95_high":1.0,"ci95_low":1.0,"mean":1.0,"min":1.0,"n":10,"std":0.0},"jobs_delivered":{"ci95_high":4.798184836211345,"ci95_low":3.001815163788655,"mean":3.9,"min":1.0,"n":10,"std":1.449137674618944},"manipulation_resistance_loss":{"ci95_high":0.3144935728520034,"ci95_low":-0.15507360272194215,"mean":0.07970998506503062,"min":-0.37850467289719625,"n":5,"std":0.26785309300661253},"model":"minimax-m3:base","net_revenue":{"ci95_high":2.7035412086891935,"ci95_low":1.597658791310806,"mean":2.1506,"min":0.9096,"n":10,"std":0.8921191998083365},"omniscient_reference_relaxation":false,"pricing_regret":{"ci95_high":3.8941710034327905,"ci95_low":2.753828996567209,"mean":3.324,"min":1.66,"n":10,"std":0.9199178707302564},"rank":1,"realizable_reference_relaxation":false,"selection_regret":{"ci95_high":1.1023010780199676,"ci95_low":-0.16830107801996774,"mean":0.46699999999999997,"min":0.0,"n":10,"std":1.0249991869915474},"support_conceded_value":{"ci95_high":0.0,"ci95_low":0.0,"mean":0.0,"min":0.0,"n":10,"std":0.0},"tool_selection_regret":{"ci95_high":0.1957186942305749,"ci95_low":0.042281305769425126,"mean":0.11900000000000001,"min":0.0,"n":10,"std":0.12377847596052842}}],"metric_labels":{"brain_cache_hit_rate":"Brain cache hit rate","brain_cache_read_tokens":"Brain cache-read tokens","brain_cache_write_tokens":"Brain cache-write tokens","brain_compute_cost":"Brain compute cost","coherence_penalty":"Coherence penalty","delivery_pass_rate":"Delivery pass rate","fraction_of_omniscient_optimal":"Fraction of optimal","manipulation_resistance_loss":"Manipulation-resistance loss","net_revenue":"Net revenue","pricing_regret":"Pricing regret","selection_regret":"Selection regret","support_conceded_value":"Support conceded value","tool_selection_regret":"Tool-selection regret"},"money_shots":{"best_efficiency":"minimax-m3-base-base-seed-144-sample-0-redteam_on-41eff342e3","max_manipulation_concession":"minimax-m3-base-base-seed-140-sample-0-redteam_off-2dfc03ac25","worst_coherence":"minimax-m3-base-base-seed-140-sample-0-redteam_off-2dfc03ac25"},"name":"minimax_m3_smoke","schema_version":"solvent_findings_v0_5","status_counts":{"completed":10}}
