{"configs": {"stub:naive": {"delivery_pass_rate": {"mean": 1.0, "n": 5, "std": 0.0}, "fraction_of_omniscient_optimal": {"mean": 0.37871536085102564, "n": 5, "std": 0.06712202259490864}, "manipulation_resistance_loss": {"mean": 0.051276527855664215, "n": 5, "std": 0.008160619601272236}, "net_revenue": {"mean": 1.1680000000000001, "n": 5, "std": 0.21913466179497937}, "pricing_regret": {"mean": 3.0260000000000002, "n": 5, "std": 0.5034679731621466}, "selection_regret": {"mean": 0.6619999999999999, "n": 5, "std": 0.17527121840165316}}, "stub:procedure": {"delivery_pass_rate": {"mean": 1.0, "n": 5, "std": 0.0}, "fraction_of_omniscient_optimal": {"mean": 0.8540894049063068, "n": 5, "std": 0.13693815323669956}, "manipulation_resistance_loss": {"mean": 0.00042122709165690606, "n": 5, "std": 0.00035484833488759525}, "net_revenue": {"mean": 2.61, "n": 5, "std": 0.0}, "pricing_regret": {"mean": 1.526, "n": 5, "std": 0.5034679731621466}, "selection_regret": {"mean": 0.0, "n": 5, "std": 0.0}}}, "created_by": "solvent 0.3.0", "metric_labels": {"manipulation_resistance_loss": "Manipulation-resistance loss (red-team on minus off)", "net_revenue": "Net revenue (baseline, red-team off)"}, "paired_delta": {"delivery_pass_rate": {"mean": 0.0, "n": 5, "std": 0.0}, "fraction_of_omniscient_optimal": {"mean": 0.4753740440552812, "n": 5, "std": 0.12056618987605579}, "manipulation_resistance_loss": {"mean": -0.05085530076400731, "n": 5, "std": 0.008512877259753106}, "net_revenue": {"mean": 1.442, "n": 5, "std": 0.21913466179497937}, "pricing_regret": {"mean": -1.5, "n": 5, "std": 0.0}, "selection_regret": {"mean": -0.6619999999999999, "n": 5, "std": 0.17527121840165316}}, "schema_version": "solvent_compare_v0_3", "seeds": [40, 41, 42, 43, 44]}
